date,iso_code,location,total_cases,population
2020-01-05,USA,United States,0.0,338289856
2020-01-06,USA,United States,0.0,338289856
2020-01-07,USA,United States,0.0,338289856
2020-01-08,USA,United States,0.0,338289856
2020-01-09,USA,United States,0.0,338289856
2020-01-10,USA,United States,0.0,338289856
2020-01-11,USA,United States,0.0,338289856
2020-01-12,USA,United States,0.0,338289856
2020-01-13,USA,United States,0.0,338289856
2020-01-14,USA,United States,0.0,338289856
2020-01-15,USA,United States,0.0,338289856
2020-01-16,USA,United States,0.0,338289856
2020-01-17,USA,United States,0.0,338289856
2020-01-18,USA,United States,0.0,338289856
2020-01-19,USA,United States,0.0,338289856
2020-01-20,USA,United States,0.0,338289856
2020-01-21,USA,United States,0.0,338289856
2020-01-22,USA,United States,0.0,338289856
2020-01-23,USA,United States,0.0,338289856
2020-01-24,USA,United States,0.0,338289856
2020-01-25,USA,United States,0.0,338289856
2020-01-26,USA,United States,7.0,338289856
2020-01-27,USA,United States,7.0,338289856
2020-01-28,USA,United States,7.0,338289856
2020-01-29,USA,United States,7.0,338289856
2020-01-30,USA,United States,7.0,338289856
2020-01-31,USA,United States,7.0,338289856
2020-02-01,USA,United States,7.0,338289856
2020-02-02,USA,United States,9.0,338289856
2020-02-03,USA,United States,9.0,338289856
2020-02-04,USA,United States,9.0,338289856
2020-02-05,USA,United States,9.0,338289856
2020-02-06,USA,United States,9.0,338289856
2020-02-07,USA,United States,9.0,338289856
2020-02-08,USA,United States,9.0,338289856
2020-02-09,USA,United States,20.0,338289856
2020-02-10,USA,United States,20.0,338289856
2020-02-11,USA,United States,20.0,338289856
2020-02-12,USA,United States,20.0,338289856
2020-02-13,USA,United States,20.0,338289856
2020-02-14,USA,United States,20.0,338289856
2020-02-15,USA,United States,20.0,338289856
2020-02-16,USA,United States,24.0,338289856
2020-02-17,USA,United States,24.0,338289856
2020-02-18,USA,United States,24.0,338289856
2020-02-19,USA,United States,24.0,338289856
2020-02-20,USA,United States,24.0,338289856
2020-02-21,USA,United States,24.0,338289856
2020-02-22,USA,United States,24.0,338289856
2020-02-23,USA,United States,40.0,338289856
2020-02-24,USA,United States,40.0,338289856
2020-02-25,USA,United States,40.0,338289856
2020-02-26,USA,United States,40.0,338289856
2020-02-27,USA,United States,40.0,338289856
2020-02-28,USA,United States,40.0,338289856
2020-02-29,USA,United States,40.0,338289856
2020-03-01,USA,United States,73.0,338289856
2020-03-02,USA,United States,73.0,338289856
2020-03-03,USA,United States,73.0,338289856
2020-03-04,USA,United States,73.0,338289856
2020-03-05,USA,United States,73.0,338289856
2020-03-06,USA,United States,73.0,338289856
2020-03-07,USA,United States,73.0,338289856
2020-03-08,USA,United States,464.0,338289856
2020-03-09,USA,United States,464.0,338289856
2020-03-10,USA,United States,464.0,338289856
2020-03-11,USA,United States,464.0,338289856
2020-03-12,USA,United States,464.0,338289856
2020-03-13,USA,United States,464.0,338289856
2020-03-14,USA,United States,464.0,338289856
2020-03-15,USA,United States,3929.0,338289856
2020-03-16,USA,United States,3929.0,338289856
2020-03-17,USA,United States,3929.0,338289856
2020-03-18,USA,United States,3929.0,338289856
2020-03-19,USA,United States,3929.0,338289856
2020-03-20,USA,United States,3929.0,338289856
2020-03-21,USA,United States,3929.0,338289856
2020-03-22,USA,United States,31415.0,338289856
2020-03-23,USA,United States,31415.0,338289856
2020-03-24,USA,United States,31415.0,338289856
2020-03-25,USA,United States,31415.0,338289856
2020-03-26,USA,United States,31415.0,338289856
2020-03-27,USA,United States,31415.0,338289856
2020-03-28,USA,United States,31415.0,338289856
2020-03-29,USA,United States,126309.0,338289856
2020-03-30,USA,United States,126309.0,338289856
2020-03-31,USA,United States,126309.0,338289856
2020-04-01,USA,United States,126309.0,338289856
2020-04-02,USA,United States,126309.0,338289856
2020-04-03,USA,United States,126309.0,338289856
2020-04-04,USA,United States,126309.0,338289856
2020-04-05,USA,United States,302460.0,338289856
2020-04-06,USA,United States,302460.0,338289856
2020-04-07,USA,United States,302460.0,338289856
2020-04-08,USA,United States,302460.0,338289856
2020-04-09,USA,United States,302460.0,338289856
2020-04-10,USA,United States,302460.0,338289856
2020-04-11,USA,United States,302460.0,338289856
2020-04-12,USA,United States,521632.0,338289856
2020-04-13,USA,United States,521632.0,338289856
2020-04-14,USA,United States,521632.0,338289856
2020-04-15,USA,United States,521632.0,338289856
2020-04-16,USA,United States,521632.0,338289856
2020-04-17,USA,United States,521632.0,338289856
2020-04-18,USA,United States,521632.0,338289856
2020-04-19,USA,United States,717782.0,338289856
2020-04-20,USA,United States,717782.0,338289856
2020-04-21,USA,United States,717782.0,338289856
2020-04-22,USA,United States,717782.0,338289856
2020-04-23,USA,United States,717782.0,338289856
2020-04-24,USA,United States,717782.0,338289856
2020-04-25,USA,United States,717782.0,338289856
2020-04-26,USA,United States,922947.0,338289856
2020-04-27,USA,United States,922947.0,338289856
2020-04-28,USA,United States,922947.0,338289856
2020-04-29,USA,United States,922947.0,338289856
2020-04-30,USA,United States,922947.0,338289856
2020-05-01,USA,United States,922947.0,338289856
2020-05-02,USA,United States,922947.0,338289856
2020-05-03,USA,United States,1121383.0,338289856
2020-05-04,USA,United States,1121383.0,338289856
2020-05-05,USA,United States,1121383.0,338289856
2020-05-06,USA,United States,1121383.0,338289856
2020-05-07,USA,United States,1121383.0,338289856
2020-05-08,USA,United States,1121383.0,338289856
2020-05-09,USA,United States,1121383.0,338289856
2020-05-10,USA,United States,1303629.0,338289856
2020-05-11,USA,United States,1303629.0,338289856
2020-05-12,USA,United States,1303629.0,338289856
2020-05-13,USA,United States,1303629.0,338289856
2020-05-14,USA,United States,1303629.0,338289856
2020-05-15,USA,United States,1303629.0,338289856
2020-05-16,USA,United States,1303629.0,338289856
2020-05-17,USA,United States,1472661.0,338289856
2020-05-18,USA,United States,1472661.0,338289856
2020-05-19,USA,United States,1472661.0,338289856
2020-05-20,USA,United States,1472661.0,338289856
2020-05-21,USA,United States,1472661.0,338289856
2020-05-22,USA,United States,1472661.0,338289856
2020-05-23,USA,United States,1472661.0,338289856
2020-05-24,USA,United States,1638986.0,338289856
2020-05-25,USA,United States,1638986.0,338289856
2020-05-26,USA,United States,1638986.0,338289856
2020-05-27,USA,United States,1638986.0,338289856
2020-05-28,USA,United States,1638986.0,338289856
2020-05-29,USA,United States,1638986.0,338289856
2020-05-30,USA,United States,1638986.0,338289856
2020-05-31,USA,United States,1785422.0,338289856
2020-06-01,USA,United States,1785422.0,338289856
2020-06-02,USA,United States,1785422.0,338289856
2020-06-03,USA,United States,1785422.0,338289856
2020-06-04,USA,United States,1785422.0,338289856
2020-06-05,USA,United States,1785422.0,338289856
2020-06-06,USA,United States,1785422.0,338289856
2020-06-07,USA,United States,1935202.0,338289856
2020-06-08,USA,United States,1935202.0,338289856
2020-06-09,USA,United States,1935202.0,338289856
2020-06-10,USA,United States,1935202.0,338289856
2020-06-11,USA,United States,1935202.0,338289856
2020-06-12,USA,United States,1935202.0,338289856
2020-06-13,USA,United States,1935202.0,338289856
2020-06-14,USA,United States,2087078.0,338289856
2020-06-15,USA,United States,2087078.0,338289856
2020-06-16,USA,United States,2087078.0,338289856
2020-06-17,USA,United States,2087078.0,338289856
2020-06-18,USA,United States,2087078.0,338289856
2020-06-19,USA,United States,2087078.0,338289856
2020-06-20,USA,United States,2087078.0,338289856
2020-06-21,USA,United States,2267099.0,338289856
2020-06-22,USA,United States,2267099.0,338289856
2020-06-23,USA,United States,2267099.0,338289856
2020-06-24,USA,United States,2267099.0,338289856
2020-06-25,USA,United States,2267099.0,338289856
2020-06-26,USA,United States,2267099.0,338289856
2020-06-27,USA,United States,2267099.0,338289856
2020-06-28,USA,United States,2525377.0,338289856
2020-06-29,USA,United States,2525377.0,338289856
2020-06-30,USA,United States,2525377.0,338289856
2020-07-01,USA,United States,2525377.0,338289856
2020-07-02,USA,United States,2525377.0,338289856
2020-07-03,USA,United States,2525377.0,338289856
2020-07-04,USA,United States,2525377.0,338289856
2020-07-05,USA,United States,2867543.0,338289856
2020-07-06,USA,United States,2867543.0,338289856
2020-07-07,USA,United States,2867543.0,338289856
2020-07-08,USA,United States,2867543.0,338289856
2020-07-09,USA,United States,2867543.0,338289856
2020-07-10,USA,United States,2867543.0,338289856
2020-07-11,USA,United States,2867543.0,338289856
2020-07-12,USA,United States,3259748.0,338289856
2020-07-13,USA,United States,3259748.0,338289856
2020-07-14,USA,United States,3259748.0,338289856
2020-07-15,USA,United States,3259748.0,338289856
2020-07-16,USA,United States,3259748.0,338289856
2020-07-17,USA,United States,3259748.0,338289856
2020-07-18,USA,United States,3259748.0,338289856
2020-07-19,USA,United States,3726015.0,338289856
2020-07-20,USA,United States,3726015.0,338289856
2020-07-21,USA,United States,3726015.0,338289856
2020-07-22,USA,United States,3726015.0,338289856
2020-07-23,USA,United States,3726015.0,338289856
2020-07-24,USA,United States,3726015.0,338289856
2020-07-25,USA,United States,3726015.0,338289856
2020-07-26,USA,United States,4193916.0,338289856
2020-07-27,USA,United States,4193916.0,338289856
2020-07-28,USA,United States,4193916.0,338289856
2020-07-29,USA,United States,4193916.0,338289856
2020-07-30,USA,United States,4193916.0,338289856
2020-07-31,USA,United States,4193916.0,338289856
2020-08-01,USA,United States,4193916.0,338289856
2020-08-02,USA,United States,4625166.0,338289856
2020-08-03,USA,United States,4625166.0,338289856
2020-08-04,USA,United States,4625166.0,338289856
2020-08-05,USA,United States,4625166.0,338289856
2020-08-06,USA,United States,4625166.0,338289856
2020-08-07,USA,United States,4625166.0,338289856
2020-08-08,USA,United States,4625166.0,338289856
2020-08-09,USA,United States,5001075.0,338289856
2020-08-10,USA,United States,5001075.0,338289856
2020-08-11,USA,United States,5001075.0,338289856
2020-08-12,USA,United States,5001075.0,338289856
2020-08-13,USA,United States,5001075.0,338289856
2020-08-14,USA,United States,5001075.0,338289856
2020-08-15,USA,United States,5001075.0,338289856
2020-08-16,USA,United States,5363737.0,338289856
2020-08-17,USA,United States,5363737.0,338289856
2020-08-18,USA,United States,5363737.0,338289856
2020-08-19,USA,United States,5363737.0,338289856
2020-08-20,USA,United States,5363737.0,338289856
2020-08-21,USA,United States,5363737.0,338289856
2020-08-22,USA,United States,5363737.0,338289856
2020-08-23,USA,United States,5679525.0,338289856
2020-08-24,USA,United States,5679525.0,338289856
2020-08-25,USA,United States,5679525.0,338289856
2020-08-26,USA,United States,5679525.0,338289856
2020-08-27,USA,United States,5679525.0,338289856
2020-08-28,USA,United States,5679525.0,338289856
2020-08-29,USA,United States,5679525.0,338289856
2020-08-30,USA,United States,5974471.0,338289856
2020-08-31,USA,United States,5974471.0,338289856
2020-09-01,USA,United States,5974471.0,338289856
2020-09-02,USA,United States,5974471.0,338289856
2020-09-03,USA,United States,5974471.0,338289856
2020-09-04,USA,United States,5974471.0,338289856
2020-09-05,USA,United States,5974471.0,338289856
2020-09-06,USA,United States,6269724.0,338289856
2020-09-07,USA,United States,6269724.0,338289856
2020-09-08,USA,United States,6269724.0,338289856
2020-09-09,USA,United States,6269724.0,338289856
2020-09-10,USA,United States,6269724.0,338289856
2020-09-11,USA,United States,6269724.0,338289856
2020-09-12,USA,United States,6269724.0,338289856
2020-09-13,USA,United States,6515345.0,338289856
2020-09-14,USA,United States,6515345.0,338289856
2020-09-15,USA,United States,6515345.0,338289856
2020-09-16,USA,United States,6515345.0,338289856
2020-09-17,USA,United States,6515345.0,338289856
2020-09-18,USA,United States,6515345.0,338289856
2020-09-19,USA,United States,6515345.0,338289856
2020-09-20,USA,United States,6796322.0,338289856
2020-09-21,USA,United States,6796322.0,338289856
2020-09-22,USA,United States,6796322.0,338289856
2020-09-23,USA,United States,6796322.0,338289856
2020-09-24,USA,United States,6796322.0,338289856
2020-09-25,USA,United States,6796322.0,338289856
2020-09-26,USA,United States,6796322.0,338289856
2020-09-27,USA,United States,7101096.0,338289856
2020-09-28,USA,United States,7101096.0,338289856
2020-09-29,USA,United States,7101096.0,338289856
2020-09-30,USA,United States,7101096.0,338289856
2020-10-01,USA,United States,7101096.0,338289856
2020-10-02,USA,United States,7101096.0,338289856
2020-10-03,USA,United States,7101096.0,338289856
2020-10-04,USA,United States,7399444.0,338289856
2020-10-05,USA,United States,7399444.0,338289856
2020-10-06,USA,United States,7399444.0,338289856
2020-10-07,USA,United States,7399444.0,338289856
2020-10-08,USA,United States,7399444.0,338289856
2020-10-09,USA,United States,7399444.0,338289856
2020-10-10,USA,United States,7399444.0,338289856
2020-10-11,USA,United States,7733693.0,338289856
2020-10-12,USA,United States,7733693.0,338289856
2020-10-13,USA,United States,7733693.0,338289856
2020-10-14,USA,United States,7733693.0,338289856
2020-10-15,USA,United States,7733693.0,338289856
2020-10-16,USA,United States,7733693.0,338289856
2020-10-17,USA,United States,7733693.0,338289856
2020-10-18,USA,United States,8121327.0,338289856
2020-10-19,USA,United States,8121327.0,338289856
2020-10-20,USA,United States,8121327.0,338289856
2020-10-21,USA,United States,8121327.0,338289856
2020-10-22,USA,United States,8121327.0,338289856
2020-10-23,USA,United States,8121327.0,338289856
2020-10-24,USA,United States,8121327.0,338289856
2020-10-25,USA,United States,8570765.0,338289856
2020-10-26,USA,United States,8570765.0,338289856
2020-10-27,USA,United States,8570765.0,338289856
2020-10-28,USA,United States,8570765.0,338289856
2020-10-29,USA,United States,8570765.0,338289856
2020-10-30,USA,United States,8570765.0,338289856
2020-10-31,USA,United States,8570765.0,338289856
2020-11-01,USA,United States,9130159.0,338289856
2020-11-02,USA,United States,9130159.0,338289856
2020-11-03,USA,United States,9130159.0,338289856
2020-11-04,USA,United States,9130159.0,338289856
2020-11-05,USA,United States,9130159.0,338289856
2020-11-06,USA,United States,9130159.0,338289856
2020-11-07,USA,United States,9130159.0,338289856
2020-11-08,USA,United States,9920253.0,338289856
2020-11-09,USA,United States,9920253.0,338289856
2020-11-10,USA,United States,9920253.0,338289856
2020-11-11,USA,United States,9920253.0,338289856
2020-11-12,USA,United States,9920253.0,338289856
2020-11-13,USA,United States,9920253.0,338289856
2020-11-14,USA,United States,9920253.0,338289856
2020-11-15,USA,United States,10925098.0,338289856
2020-11-16,USA,United States,10925098.0,338289856
2020-11-17,USA,United States,10925098.0,338289856
2020-11-18,USA,United States,10925098.0,338289856
2020-11-19,USA,United States,10925098.0,338289856
2020-11-20,USA,United States,10925098.0,338289856
2020-11-21,USA,United States,10925098.0,338289856
2020-11-22,USA,United States,12100581.0,338289856
2020-11-23,USA,United States,12100581.0,338289856
2020-11-24,USA,United States,12100581.0,338289856
2020-11-25,USA,United States,12100581.0,338289856
2020-11-26,USA,United States,12100581.0,338289856
2020-11-27,USA,United States,12100581.0,338289856
2020-11-28,USA,United States,12100581.0,338289856
2020-11-29,USA,United States,13262982.0,338289856
2020-11-30,USA,United States,13262982.0,338289856
2020-12-01,USA,United States,13262982.0,338289856
2020-12-02,USA,United States,13262982.0,338289856
2020-12-03,USA,United States,13262982.0,338289856
2020-12-04,USA,United States,13262982.0,338289856
2020-12-05,USA,United States,13262982.0,338289856
2020-12-06,USA,United States,14543914.0,338289856
2020-12-07,USA,United States,14543914.0,338289856
2020-12-08,USA,United States,14543914.0,338289856
2020-12-09,USA,United States,14543914.0,338289856
2020-12-10,USA,United States,14543914.0,338289856
2020-12-11,USA,United States,14543914.0,338289856
2020-12-12,USA,United States,14543914.0,338289856
2020-12-13,USA,United States,16012396.0,338289856
2020-12-14,USA,United States,16012396.0,338289856
2020-12-15,USA,United States,16012396.0,338289856
2020-12-16,USA,United States,16012396.0,338289856
2020-12-17,USA,United States,16012396.0,338289856
2020-12-18,USA,United States,16012396.0,338289856
2020-12-19,USA,United States,16012396.0,338289856
2020-12-20,USA,United States,17530324.0,338289856
2020-12-21,USA,United States,17530324.0,338289856
2020-12-22,USA,United States,17530324.0,338289856
2020-12-23,USA,United States,17530324.0,338289856
2020-12-24,USA,United States,17530324.0,338289856
2020-12-25,USA,United States,17530324.0,338289856
2020-12-26,USA,United States,17530324.0,338289856
2020-12-27,USA,United States,18890446.0,338289856
2020-12-28,USA,United States,18890446.0,338289856
2020-12-29,USA,United States,18890446.0,338289856
2020-12-30,USA,United States,18890446.0,338289856
2020-12-31,USA,United States,18890446.0,338289856
2021-01-01,USA,United States,18890446.0,338289856
2021-01-02,USA,United States,18890446.0,338289856
2021-01-03,USA,United States,20271441.0,338289856
2021-01-04,USA,United States,20271441.0,338289856
2021-01-05,USA,United States,20271441.0,338289856
2021-01-06,USA,United States,20271441.0,338289856
2021-01-07,USA,United States,20271441.0,338289856
2021-01-08,USA,United States,20271441.0,338289856
2021-01-09,USA,United States,20271441.0,338289856
2021-01-10,USA,United States,21938592.0,338289856
2021-01-11,USA,United States,21938592.0,338289856
2021-01-12,USA,United States,21938592.0,338289856
2021-01-13,USA,United States,21938592.0,338289856
2021-01-14,USA,United States,21938592.0,338289856
2021-01-15,USA,United States,21938592.0,338289856
2021-01-16,USA,United States,21938592.0,338289856
2021-01-17,USA,United States,23528547.0,338289856
2021-01-18,USA,United States,23528547.0,338289856
2021-01-19,USA,United States,23528547.0,338289856
2021-01-20,USA,United States,23528547.0,338289856
2021-01-21,USA,United States,23528547.0,338289856
2021-01-22,USA,United States,23528547.0,338289856
2021-01-23,USA,United States,23528547.0,338289856
2021-01-24,USA,United States,24794408.0,338289856
2021-01-25,USA,United States,24794408.0,338289856
2021-01-26,USA,United States,24794408.0,338289856
2021-01-27,USA,United States,24794408.0,338289856
2021-01-28,USA,United States,24794408.0,338289856
2021-01-29,USA,United States,24794408.0,338289856
2021-01-30,USA,United States,24794408.0,338289856
2021-01-31,USA,United States,25863033.0,338289856
2021-02-01,USA,United States,25863033.0,338289856
2021-02-02,USA,United States,25863033.0,338289856
2021-02-03,USA,United States,25863033.0,338289856
2021-02-04,USA,United States,25863033.0,338289856
2021-02-05,USA,United States,25863033.0,338289856
2021-02-06,USA,United States,25863033.0,338289856
2021-02-07,USA,United States,26720283.0,338289856
2021-02-08,USA,United States,26720283.0,338289856
2021-02-09,USA,United States,26720283.0,338289856
2021-02-10,USA,United States,26720283.0,338289856
2021-02-11,USA,United States,26720283.0,338289856
2021-02-12,USA,United States,26720283.0,338289856
2021-02-13,USA,United States,26720283.0,338289856
2021-02-14,USA,United States,27390855.0,338289856
2021-02-15,USA,United States,27390855.0,338289856
2021-02-16,USA,United States,27390855.0,338289856
2021-02-17,USA,United States,27390855.0,338289856
2021-02-18,USA,United States,27390855.0,338289856
2021-02-19,USA,United States,27390855.0,338289856
2021-02-20,USA,United States,27390855.0,338289856
2021-02-21,USA,United States,27864340.0,338289856
2021-02-22,USA,United States,27864340.0,338289856
2021-02-23,USA,United States,27864340.0,338289856
2021-02-24,USA,United States,27864340.0,338289856
2021-02-25,USA,United States,27864340.0,338289856
2021-02-26,USA,United States,27864340.0,338289856
2021-02-27,USA,United States,27864340.0,338289856
2021-02-28,USA,United States,28330091.0,338289856
2021-03-01,USA,United States,28330091.0,338289856
2021-03-02,USA,United States,28330091.0,338289856
2021-03-03,USA,United States,28330091.0,338289856
2021-03-04,USA,United States,28330091.0,338289856
2021-03-05,USA,United States,28330091.0,338289856
2021-03-06,USA,United States,28330091.0,338289856
2021-03-07,USA,United States,28750830.0,338289856
2021-03-08,USA,United States,28750830.0,338289856
2021-03-09,USA,United States,28750830.0,338289856
2021-03-10,USA,United States,28750830.0,338289856
2021-03-11,USA,United States,28750830.0,338289856
2021-03-12,USA,United States,28750830.0,338289856
2021-03-13,USA,United States,28750830.0,338289856
2021-03-14,USA,United States,29134830.0,338289856
2021-03-15,USA,United States,29134830.0,338289856
2021-03-16,USA,United States,29134830.0,338289856
2021-03-17,USA,United States,29134830.0,338289856
2021-03-18,USA,United States,29134830.0,338289856
2021-03-19,USA,United States,29134830.0,338289856
2021-03-20,USA,United States,29134830.0,338289856
2021-03-21,USA,United States,29514381.0,338289856
2021-03-22,USA,United States,29514381.0,338289856
2021-03-23,USA,United States,29514381.0,338289856
2021-03-24,USA,United States,29514381.0,338289856
2021-03-25,USA,United States,29514381.0,338289856
2021-03-26,USA,United States,29514381.0,338289856
2021-03-27,USA,United States,29514381.0,338289856
2021-03-28,USA,United States,29932199.0,338289856
2021-03-29,USA,United States,29932199.0,338289856
2021-03-30,USA,United States,29932199.0,338289856
2021-03-31,USA,United States,29932199.0,338289856
2021-04-01,USA,United States,29932199.0,338289856
2021-04-02,USA,United States,29932199.0,338289856
2021-04-03,USA,United States,29932199.0,338289856
2021-04-04,USA,United States,30382159.0,338289856
2021-04-05,USA,United States,30382159.0,338289856
2021-04-06,USA,United States,30382159.0,338289856
2021-04-07,USA,United States,30382159.0,338289856
2021-04-08,USA,United States,30382159.0,338289856
2021-04-09,USA,United States,30382159.0,338289856
2021-04-10,USA,United States,30382159.0,338289856
2021-04-11,USA,United States,30838109.0,338289856
2021-04-12,USA,United States,30838109.0,338289856
2021-04-13,USA,United States,30838109.0,338289856
2021-04-14,USA,United States,30838109.0,338289856
2021-04-15,USA,United States,30838109.0,338289856
2021-04-16,USA,United States,30838109.0,338289856
2021-04-17,USA,United States,30838109.0,338289856
2021-04-18,USA,United States,31305326.0,338289856
2021-04-19,USA,United States,31305326.0,338289856
2021-04-20,USA,United States,31305326.0,338289856
2021-04-21,USA,United States,31305326.0,338289856
2021-04-22,USA,United States,31305326.0,338289856
2021-04-23,USA,United States,31305326.0,338289856
2021-04-24,USA,United States,31305326.0,338289856
2021-04-25,USA,United States,31711421.0,338289856
2021-04-26,USA,United States,31711421.0,338289856
2021-04-27,USA,United States,31711421.0,338289856
2021-04-28,USA,United States,31711421.0,338289856
2021-04-29,USA,United States,31711421.0,338289856
2021-04-30,USA,United States,31711421.0,338289856
2021-05-01,USA,United States,31711421.0,338289856
2021-05-02,USA,United States,32049828.0,338289856
2021-05-03,USA,United States,32049828.0,338289856
2021-05-04,USA,United States,32049828.0,338289856
2021-05-05,USA,United States,32049828.0,338289856
2021-05-06,USA,United States,32049828.0,338289856
2021-05-07,USA,United States,32049828.0,338289856
2021-05-08,USA,United States,32049828.0,338289856
2021-05-09,USA,United States,32342152.0,338289856
2021-05-10,USA,United States,32342152.0,338289856
2021-05-11,USA,United States,32342152.0,338289856
2021-05-12,USA,United States,32342152.0,338289856
2021-05-13,USA,United States,32342152.0,338289856
2021-05-14,USA,United States,32342152.0,338289856
2021-05-15,USA,United States,32342152.0,338289856
2021-05-16,USA,United States,32575502.0,338289856
2021-05-17,USA,United States,32575502.0,338289856
2021-05-18,USA,United States,32575502.0,338289856
2021-05-19,USA,United States,32575502.0,338289856
2021-05-20,USA,United States,32575502.0,338289856
2021-05-21,USA,United States,32575502.0,338289856
2021-05-22,USA,United States,32575502.0,338289856
2021-05-23,USA,United States,32757111.0,338289856
2021-05-24,USA,United States,32757111.0,338289856
2021-05-25,USA,United States,32757111.0,338289856
2021-05-26,USA,United States,32757111.0,338289856
2021-05-27,USA,United States,32757111.0,338289856
2021-05-28,USA,United States,32757111.0,338289856
2021-05-29,USA,United States,32757111.0,338289856
2021-05-30,USA,United States,32904922.0,338289856
2021-05-31,USA,United States,32904922.0,338289856
2021-06-01,USA,United States,32904922.0,338289856
2021-06-02,USA,United States,32904922.0,338289856
2021-06-03,USA,United States,32904922.0,338289856
2021-06-04,USA,United States,32904922.0,338289856
2021-06-05,USA,United States,32904922.0,338289856
2021-06-06,USA,United States,33004034.0,338289856
2021-06-07,USA,United States,33004034.0,338289856
2021-06-08,USA,United States,33004034.0,338289856
2021-06-09,USA,United States,33004034.0,338289856
2021-06-10,USA,United States,33004034.0,338289856
2021-06-11,USA,United States,33004034.0,338289856
2021-06-12,USA,United States,33004034.0,338289856
2021-06-13,USA,United States,33103599.0,338289856
2021-06-14,USA,United States,33103599.0,338289856
2021-06-15,USA,United States,33103599.0,338289856
2021-06-16,USA,United States,33103599.0,338289856
2021-06-17,USA,United States,33103599.0,338289856
2021-06-18,USA,United States,33103599.0,338289856
2021-06-19,USA,United States,33103599.0,338289856
2021-06-20,USA,United States,33184226.0,338289856
2021-06-21,USA,United States,33184226.0,338289856
2021-06-22,USA,United States,33184226.0,338289856
2021-06-23,USA,United States,33184226.0,338289856
2021-06-24,USA,United States,33184226.0,338289856
2021-06-25,USA,United States,33184226.0,338289856
2021-06-26,USA,United States,33184226.0,338289856
2021-06-27,USA,United States,33271863.0,338289856
2021-06-28,USA,United States,33271863.0,338289856
2021-06-29,USA,United States,33271863.0,338289856
2021-06-30,USA,United States,33271863.0,338289856
2021-07-01,USA,United States,33271863.0,338289856
2021-07-02,USA,United States,33271863.0,338289856
2021-07-03,USA,United States,33271863.0,338289856
2021-07-04,USA,United States,33368900.0,338289856
2021-07-05,USA,United States,33368900.0,338289856
2021-07-06,USA,United States,33368900.0,338289856
2021-07-07,USA,United States,33368900.0,338289856
2021-07-08,USA,United States,33368900.0,338289856
2021-07-09,USA,United States,33368900.0,338289856
2021-07-10,USA,United States,33368900.0,338289856
2021-07-11,USA,United States,33655410.0,338289856
2021-07-12,USA,United States,33655410.0,338289856
2021-07-13,USA,United States,33655410.0,338289856
2021-07-14,USA,United States,33655410.0,338289856
2021-07-15,USA,United States,33655410.0,338289856
2021-07-16,USA,United States,33655410.0,338289856
2021-07-17,USA,United States,33655410.0,338289856
2021-07-18,USA,United States,33877989.0,338289856
2021-07-19,USA,United States,33877989.0,338289856
2021-07-20,USA,United States,33877989.0,338289856
2021-07-21,USA,United States,33877989.0,338289856
2021-07-22,USA,United States,33877989.0,338289856
2021-07-23,USA,United States,33877989.0,338289856
2021-07-24,USA,United States,33877989.0,338289856
2021-07-25,USA,United States,34237016.0,338289856
2021-07-26,USA,United States,34237016.0,338289856
2021-07-27,USA,United States,34237016.0,338289856
2021-07-28,USA,United States,34237016.0,338289856
2021-07-29,USA,United States,34237016.0,338289856
2021-07-30,USA,United States,34237016.0,338289856
2021-07-31,USA,United States,34237016.0,338289856
2021-08-01,USA,United States,34784102.0,338289856
2021-08-02,USA,United States,34784102.0,338289856
2021-08-03,USA,United States,34784102.0,338289856
2021-08-04,USA,United States,34784102.0,338289856
2021-08-05,USA,United States,34784102.0,338289856
2021-08-06,USA,United States,34784102.0,338289856
2021-08-07,USA,United States,34784102.0,338289856
2021-08-08,USA,United States,35527158.0,338289856
2021-08-09,USA,United States,35527158.0,338289856
2021-08-10,USA,United States,35527158.0,338289856
2021-08-11,USA,United States,35527158.0,338289856
2021-08-12,USA,United States,35527158.0,338289856
2021-08-13,USA,United States,35527158.0,338289856
2021-08-14,USA,United States,35527158.0,338289856
2021-08-15,USA,United States,36413622.0,338289856
2021-08-16,USA,United States,36413622.0,338289856
2021-08-17,USA,United States,36413622.0,338289856
2021-08-18,USA,United States,36413622.0,338289856
2021-08-19,USA,United States,36413622.0,338289856
2021-08-20,USA,United States,36413622.0,338289856
2021-08-21,USA,United States,36413622.0,338289856
2021-08-22,USA,United States,37433588.0,338289856
2021-08-23,USA,United States,37433588.0,338289856
2021-08-24,USA,United States,37433588.0,338289856
2021-08-25,USA,United States,37433588.0,338289856
2021-08-26,USA,United States,37433588.0,338289856
2021-08-27,USA,United States,37433588.0,338289856
2021-08-28,USA,United States,37433588.0,338289856
2021-08-29,USA,United States,38528478.0,338289856
2021-08-30,USA,United States,38528478.0,338289856
2021-08-31,USA,United States,38528478.0,338289856
2021-09-01,USA,United States,38528478.0,338289856
2021-09-02,USA,United States,38528478.0,338289856
2021-09-03,USA,United States,38528478.0,338289856
2021-09-04,USA,United States,38528478.0,338289856
2021-09-05,USA,United States,39672729.0,338289856
2021-09-06,USA,United States,39672729.0,338289856
2021-09-07,USA,United States,39672729.0,338289856
2021-09-08,USA,United States,39672729.0,338289856
2021-09-09,USA,United States,39672729.0,338289856
2021-09-10,USA,United States,39672729.0,338289856
2021-09-11,USA,United States,39672729.0,338289856
2021-09-12,USA,United States,40695299.0,338289856
2021-09-13,USA,United States,40695299.0,338289856
2021-09-14,USA,United States,40695299.0,338289856
2021-09-15,USA,United States,40695299.0,338289856
2021-09-16,USA,United States,40695299.0,338289856
2021-09-17,USA,United States,40695299.0,338289856
2021-09-18,USA,United States,40695299.0,338289856
2021-09-19,USA,United States,41732753.0,338289856
2021-09-20,USA,United States,41732753.0,338289856
2021-09-21,USA,United States,41732753.0,338289856
2021-09-22,USA,United States,41732753.0,338289856
2021-09-23,USA,United States,41732753.0,338289856
2021-09-24,USA,United States,41732753.0,338289856
2021-09-25,USA,United States,41732753.0,338289856
2021-09-26,USA,United States,42585047.0,338289856
2021-09-27,USA,United States,42585047.0,338289856
2021-09-28,USA,United States,42585047.0,338289856
2021-09-29,USA,United States,42585047.0,338289856
2021-09-30,USA,United States,42585047.0,338289856
2021-10-01,USA,United States,42585047.0,338289856
2021-10-02,USA,United States,42585047.0,338289856
2021-10-03,USA,United States,43340735.0,338289856
2021-10-04,USA,United States,43340735.0,338289856
2021-10-05,USA,United States,43340735.0,338289856
2021-10-06,USA,United States,43340735.0,338289856
2021-10-07,USA,United States,43340735.0,338289856
2021-10-08,USA,United States,43340735.0,338289856
2021-10-09,USA,United States,43340735.0,338289856
2021-10-10,USA,United States,44022719.0,338289856
2021-10-11,USA,United States,44022719.0,338289856
2021-10-12,USA,United States,44022719.0,338289856
2021-10-13,USA,United States,44022719.0,338289856
2021-10-14,USA,United States,44022719.0,338289856
2021-10-15,USA,United States,44022719.0,338289856
2021-10-16,USA,United States,44022719.0,338289856
2021-10-17,USA,United States,44604956.0,338289856
2021-10-18,USA,United States,44604956.0,338289856
2021-10-19,USA,United States,44604956.0,338289856
2021-10-20,USA,United States,44604956.0,338289856
2021-10-21,USA,United States,44604956.0,338289856
2021-10-22,USA,United States,44604956.0,338289856
2021-10-23,USA,United States,44604956.0,338289856
2021-10-24,USA,United States,45113499.0,338289856
2021-10-25,USA,United States,45113499.0,338289856
2021-10-26,USA,United States,45113499.0,338289856
2021-10-27,USA,United States,45113499.0,338289856
2021-10-28,USA,United States,45113499.0,338289856
2021-10-29,USA,United States,45113499.0,338289856
2021-10-30,USA,United States,45113499.0,338289856
2021-10-31,USA,United States,45639685.0,338289856
2021-11-01,USA,United States,45639685.0,338289856
2021-11-02,USA,United States,45639685.0,338289856
2021-11-03,USA,United States,45639685.0,338289856
2021-11-04,USA,United States,45639685.0,338289856
2021-11-05,USA,United States,45639685.0,338289856
2021-11-06,USA,United States,45639685.0,338289856
2021-11-07,USA,United States,46149896.0,338289856
2021-11-08,USA,United States,46149896.0,338289856
2021-11-09,USA,United States,46149896.0,338289856
2021-11-10,USA,United States,46149896.0,338289856
2021-11-11,USA,United States,46149896.0,338289856
2021-11-12,USA,United States,46149896.0,338289856
2021-11-13,USA,United States,46149896.0,338289856
2021-11-14,USA,United States,46707076.0,338289856
2021-11-15,USA,United States,46707076.0,338289856
2021-11-16,USA,United States,46707076.0,338289856
2021-11-17,USA,United States,46707076.0,338289856
2021-11-18,USA,United States,46707076.0,338289856
2021-11-19,USA,United States,46707076.0,338289856
2021-11-20,USA,United States,46707076.0,338289856
2021-11-21,USA,United States,47383952.0,338289856
2021-11-22,USA,United States,47383952.0,338289856
2021-11-23,USA,United States,47383952.0,338289856
2021-11-24,USA,United States,47383952.0,338289856
2021-11-25,USA,United States,47383952.0,338289856
2021-11-26,USA,United States,47383952.0,338289856
2021-11-27,USA,United States,47383952.0,338289856
2021-11-28,USA,United States,47976346.0,338289856
2021-11-29,USA,United States,47976346.0,338289856
2021-11-30,USA,United States,47976346.0,338289856
2021-12-01,USA,United States,47976346.0,338289856
2021-12-02,USA,United States,47976346.0,338289856
2021-12-03,USA,United States,47976346.0,338289856
2021-12-04,USA,United States,47976346.0,338289856
2021-12-05,USA,United States,48727363.0,338289856
2021-12-06,USA,United States,48727363.0,338289856
2021-12-07,USA,United States,48727363.0,338289856
2021-12-08,USA,United States,48727363.0,338289856
2021-12-09,USA,United States,48727363.0,338289856
2021-12-10,USA,United States,48727363.0,338289856
2021-12-11,USA,United States,48727363.0,338289856
2021-12-12,USA,United States,49562332.0,338289856
2021-12-13,USA,United States,49562332.0,338289856
2021-12-14,USA,United States,49562332.0,338289856
2021-12-15,USA,United States,49562332.0,338289856
2021-12-16,USA,United States,49562332.0,338289856
2021-12-17,USA,United States,49562332.0,338289856
2021-12-18,USA,United States,49562332.0,338289856
2021-12-19,USA,United States,50461441.0,338289856
2021-12-20,USA,United States,50461441.0,338289856
2021-12-21,USA,United States,50461441.0,338289856
2021-12-22,USA,United States,50461441.0,338289856
2021-12-23,USA,United States,50461441.0,338289856
2021-12-24,USA,United States,50461441.0,338289856
2021-12-25,USA,United States,50461441.0,338289856
2021-12-26,USA,United States,51878860.0,338289856
2021-12-27,USA,United States,51878860.0,338289856
2021-12-28,USA,United States,51878860.0,338289856
2021-12-29,USA,United States,51878860.0,338289856
2021-12-30,USA,United States,51878860.0,338289856
2021-12-31,USA,United States,51878860.0,338289856
2022-01-01,USA,United States,51878860.0,338289856
2022-01-02,USA,United States,54590898.0,338289856
2022-01-03,USA,United States,54590898.0,338289856
2022-01-04,USA,United States,54590898.0,338289856
2022-01-05,USA,United States,54590898.0,338289856
2022-01-06,USA,United States,54590898.0,338289856
2022-01-07,USA,United States,54590898.0,338289856
2022-01-08,USA,United States,54590898.0,338289856
2022-01-09,USA,United States,59273795.0,338289856
2022-01-10,USA,United States,59273795.0,338289856
2022-01-11,USA,United States,59273795.0,338289856
2022-01-12,USA,United States,59273795.0,338289856
2022-01-13,USA,United States,59273795.0,338289856
2022-01-14,USA,United States,59273795.0,338289856
2022-01-15,USA,United States,59273795.0,338289856
2022-01-16,USA,United States,64924728.0,338289856
2022-01-17,USA,United States,64924728.0,338289856
2022-01-18,USA,United States,64924728.0,338289856
2022-01-19,USA,United States,64924728.0,338289856
2022-01-20,USA,United States,64924728.0,338289856
2022-01-21,USA,United States,64924728.0,338289856
2022-01-22,USA,United States,64924728.0,338289856
2022-01-23,USA,United States,69967616.0,338289856
2022-01-24,USA,United States,69967616.0,338289856
2022-01-25,USA,United States,69967616.0,338289856
2022-01-26,USA,United States,69967616.0,338289856
2022-01-27,USA,United States,69967616.0,338289856
2022-01-28,USA,United States,69967616.0,338289856
2022-01-29,USA,United States,69967616.0,338289856
2022-01-30,USA,United States,73756878.0,338289856
2022-01-31,USA,United States,73756878.0,338289856
2022-02-01,USA,United States,73756878.0,338289856
2022-02-02,USA,United States,73756878.0,338289856
2022-02-03,USA,United States,73756878.0,338289856
2022-02-04,USA,United States,73756878.0,338289856
2022-02-05,USA,United States,73756878.0,338289856
2022-02-06,USA,United States,75945588.0,338289856
2022-02-07,USA,United States,75945588.0,338289856
2022-02-08,USA,United States,75945588.0,338289856
2022-02-09,USA,United States,75945588.0,338289856
2022-02-10,USA,United States,75945588.0,338289856
2022-02-11,USA,United States,75945588.0,338289856
2022-02-12,USA,United States,75945588.0,338289856
2022-02-13,USA,United States,77167700.0,338289856
2022-02-14,USA,United States,77167700.0,338289856
2022-02-15,USA,United States,77167700.0,338289856
2022-02-16,USA,United States,77167700.0,338289856
2022-02-17,USA,United States,77167700.0,338289856
2022-02-18,USA,United States,77167700.0,338289856
2022-02-19,USA,United States,77167700.0,338289856
2022-02-20,USA,United States,77875856.0,338289856
2022-02-21,USA,United States,77875856.0,338289856
2022-02-22,USA,United States,77875856.0,338289856
2022-02-23,USA,United States,77875856.0,338289856
2022-02-24,USA,United States,77875856.0,338289856
2022-02-25,USA,United States,77875856.0,338289856
2022-02-26,USA,United States,77875856.0,338289856
2022-02-27,USA,United States,78334128.0,338289856
2022-02-28,USA,United States,78334128.0,338289856
2022-03-01,USA,United States,78334128.0,338289856
2022-03-02,USA,United States,78334128.0,338289856
2022-03-03,USA,United States,78334128.0,338289856
2022-03-04,USA,United States,78334128.0,338289856
2022-03-05,USA,United States,78334128.0,338289856
2022-03-06,USA,United States,78666637.0,338289856
2022-03-07,USA,United States,78666637.0,338289856
2022-03-08,USA,United States,78666637.0,338289856
2022-03-09,USA,United States,78666637.0,338289856
2022-03-10,USA,United States,78666637.0,338289856
2022-03-11,USA,United States,78666637.0,338289856
2022-03-12,USA,United States,78666637.0,338289856
2022-03-13,USA,United States,78900969.0,338289856
2022-03-14,USA,United States,78900969.0,338289856
2022-03-15,USA,United States,78900969.0,338289856
2022-03-16,USA,United States,78900969.0,338289856
2022-03-17,USA,United States,78900969.0,338289856
2022-03-18,USA,United States,78900969.0,338289856
2022-03-19,USA,United States,78900969.0,338289856
2022-03-20,USA,United States,79109709.0,338289856
2022-03-21,USA,United States,79109709.0,338289856
2022-03-22,USA,United States,79109709.0,338289856
2022-03-23,USA,United States,79109709.0,338289856
2022-03-24,USA,United States,79109709.0,338289856
2022-03-25,USA,United States,79109709.0,338289856
2022-03-26,USA,United States,79109709.0,338289856
2022-03-27,USA,United States,79303178.0,338289856
2022-03-28,USA,United States,79303178.0,338289856
2022-03-29,USA,United States,79303178.0,338289856
2022-03-30,USA,United States,79303178.0,338289856
2022-03-31,USA,United States,79303178.0,338289856
2022-04-01,USA,United States,79303178.0,338289856
2022-04-02,USA,United States,79303178.0,338289856
2022-04-03,USA,United States,79497642.0,338289856
2022-04-04,USA,United States,79497642.0,338289856
2022-04-05,USA,United States,79497642.0,338289856
2022-04-06,USA,United States,79497642.0,338289856
2022-04-07,USA,United States,79497642.0,338289856
2022-04-08,USA,United States,79497642.0,338289856
2022-04-09,USA,United States,79497642.0,338289856
2022-04-10,USA,United States,79698834.0,338289856
2022-04-11,USA,United States,79698834.0,338289856
2022-04-12,USA,United States,79698834.0,338289856
2022-04-13,USA,United States,79698834.0,338289856
2022-04-14,USA,United States,79698834.0,338289856
2022-04-15,USA,United States,79698834.0,338289856
2022-04-16,USA,United States,79698834.0,338289856
2022-04-17,USA,United States,79946773.0,338289856
2022-04-18,USA,United States,79946773.0,338289856
2022-04-19,USA,United States,79946773.0,338289856
2022-04-20,USA,United States,79946773.0,338289856
2022-04-21,USA,United States,79946773.0,338289856
2022-04-22,USA,United States,79946773.0,338289856
2022-04-23,USA,United States,79946773.0,338289856
2022-04-24,USA,United States,80247494.0,338289856
2022-04-25,USA,United States,80247494.0,338289856
2022-04-26,USA,United States,80247494.0,338289856
2022-04-27,USA,United States,80247494.0,338289856
2022-04-28,USA,United States,80247494.0,338289856
2022-04-29,USA,United States,80247494.0,338289856
2022-04-30,USA,United States,80247494.0,338289856
2022-05-01,USA,United States,80626043.0,338289856
2022-05-02,USA,United States,80626043.0,338289856
2022-05-03,USA,United States,80626043.0,338289856
2022-05-04,USA,United States,80626043.0,338289856
2022-05-05,USA,United States,80626043.0,338289856
2022-05-06,USA,United States,80626043.0,338289856
2022-05-07,USA,United States,80626043.0,338289856
2022-05-08,USA,United States,81091701.0,338289856
2022-05-09,USA,United States,81091701.0,338289856
2022-05-10,USA,United States,81091701.0,338289856
2022-05-11,USA,United States,81091701.0,338289856
2022-05-12,USA,United States,81091701.0,338289856
2022-05-13,USA,United States,81091701.0,338289856
2022-05-14,USA,United States,81091701.0,338289856
2022-05-15,USA,United States,81696656.0,338289856
2022-05-16,USA,United States,81696656.0,338289856
2022-05-17,USA,United States,81696656.0,338289856
2022-05-18,USA,United States,81696656.0,338289856
2022-05-19,USA,United States,81696656.0,338289856
2022-05-20,USA,United States,81696656.0,338289856
2022-05-21,USA,United States,81696656.0,338289856
2022-05-22,USA,United States,82431151.0,338289856
2022-05-23,USA,United States,82431151.0,338289856
2022-05-24,USA,United States,82431151.0,338289856
2022-05-25,USA,United States,82431151.0,338289856
2022-05-26,USA,United States,82431151.0,338289856
2022-05-27,USA,United States,82431151.0,338289856
2022-05-28,USA,United States,82431151.0,338289856
2022-05-29,USA,United States,83171871.0,338289856
2022-05-30,USA,United States,83171871.0,338289856
2022-05-31,USA,United States,83171871.0,338289856
2022-06-01,USA,United States,83171871.0,338289856
2022-06-02,USA,United States,83171871.0,338289856
2022-06-03,USA,United States,83171871.0,338289856
2022-06-04,USA,United States,83171871.0,338289856
2022-06-05,USA,United States,83847498.0,338289856
2022-06-06,USA,United States,83847498.0,338289856
2022-06-07,USA,United States,83847498.0,338289856
2022-06-08,USA,United States,83847498.0,338289856
2022-06-09,USA,United States,83847498.0,338289856
2022-06-10,USA,United States,83847498.0,338289856
2022-06-11,USA,United States,83847498.0,338289856
2022-06-12,USA,United States,84588542.0,338289856
2022-06-13,USA,United States,84588542.0,338289856
2022-06-14,USA,United States,84588542.0,338289856
2022-06-15,USA,United States,84588542.0,338289856
2022-06-16,USA,United States,84588542.0,338289856
2022-06-17,USA,United States,84588542.0,338289856
2022-06-18,USA,United States,84588542.0,338289856
2022-06-19,USA,United States,85260798.0,338289856
2022-06-20,USA,United States,85260798.0,338289856
2022-06-21,USA,United States,85260798.0,338289856
2022-06-22,USA,United States,85260798.0,338289856
2022-06-23,USA,United States,85260798.0,338289856
2022-06-24,USA,United States,85260798.0,338289856
2022-06-25,USA,United States,85260798.0,338289856
2022-06-26,USA,United States,85970435.0,338289856
2022-06-27,USA,United States,85970435.0,338289856
2022-06-28,USA,United States,85970435.0,338289856
2022-06-29,USA,United States,85970435.0,338289856
2022-06-30,USA,United States,85970435.0,338289856
2022-07-01,USA,United States,85970435.0,338289856
2022-07-02,USA,United States,85970435.0,338289856
2022-07-03,USA,United States,86744207.0,338289856
2022-07-04,USA,United States,86744207.0,338289856
2022-07-05,USA,United States,86744207.0,338289856
2022-07-06,USA,United States,86744207.0,338289856
2022-07-07,USA,United States,86744207.0,338289856
2022-07-08,USA,United States,86744207.0,338289856
2022-07-09,USA,United States,86744207.0,338289856
2022-07-10,USA,United States,87487976.0,338289856
2022-07-11,USA,United States,87487976.0,338289856
2022-07-12,USA,United States,87487976.0,338289856
2022-07-13,USA,United States,87487976.0,338289856
2022-07-14,USA,United States,87487976.0,338289856
2022-07-15,USA,United States,87487976.0,338289856
2022-07-16,USA,United States,87487976.0,338289856
2022-07-17,USA,United States,88376205.0,338289856
2022-07-18,USA,United States,88376205.0,338289856
2022-07-19,USA,United States,88376205.0,338289856
2022-07-20,USA,United States,88376205.0,338289856
2022-07-21,USA,United States,88376205.0,338289856
2022-07-22,USA,United States,88376205.0,338289856
2022-07-23,USA,United States,88376205.0,338289856
2022-07-24,USA,United States,89284900.0,338289856
2022-07-25,USA,United States,89284900.0,338289856
2022-07-26,USA,United States,89284900.0,338289856
2022-07-27,USA,United States,89284900.0,338289856
2022-07-28,USA,United States,89284900.0,338289856
2022-07-29,USA,United States,89284900.0,338289856
2022-07-30,USA,United States,89284900.0,338289856
2022-07-31,USA,United States,90232883.0,338289856
2022-08-01,USA,United States,90232883.0,338289856
2022-08-02,USA,United States,90232883.0,338289856
2022-08-03,USA,United States,90232883.0,338289856
2022-08-04,USA,United States,90232883.0,338289856
2022-08-05,USA,United States,90232883.0,338289856
2022-08-06,USA,United States,90232883.0,338289856
2022-08-07,USA,United States,91020934.0,338289856
2022-08-08,USA,United States,91020934.0,338289856
2022-08-09,USA,United States,91020934.0,338289856
2022-08-10,USA,United States,91020934.0,338289856
2022-08-11,USA,United States,91020934.0,338289856
2022-08-12,USA,United States,91020934.0,338289856
2022-08-13,USA,United States,91020934.0,338289856
2022-08-14,USA,United States,91722552.0,338289856
2022-08-15,USA,United States,91722552.0,338289856
2022-08-16,USA,United States,91722552.0,338289856
2022-08-17,USA,United States,91722552.0,338289856
2022-08-18,USA,United States,91722552.0,338289856
2022-08-19,USA,United States,91722552.0,338289856
2022-08-20,USA,United States,91722552.0,338289856
2022-08-21,USA,United States,92367477.0,338289856
2022-08-22,USA,United States,92367477.0,338289856
2022-08-23,USA,United States,92367477.0,338289856
2022-08-24,USA,United States,92367477.0,338289856
2022-08-25,USA,United States,92367477.0,338289856
2022-08-26,USA,United States,92367477.0,338289856
2022-08-27,USA,United States,92367477.0,338289856
2022-08-28,USA,United States,92977806.0,338289856
2022-08-29,USA,United States,92977806.0,338289856
2022-08-30,USA,United States,92977806.0,338289856
2022-08-31,USA,United States,92977806.0,338289856
2022-09-01,USA,United States,92977806.0,338289856
2022-09-02,USA,United States,92977806.0,338289856
2022-09-03,USA,United States,92977806.0,338289856
2022-09-04,USA,United States,93558169.0,338289856
2022-09-05,USA,United States,93558169.0,338289856
2022-09-06,USA,United States,93558169.0,338289856
2022-09-07,USA,United States,93558169.0,338289856
2022-09-08,USA,United States,93558169.0,338289856
2022-09-09,USA,United States,93558169.0,338289856
2022-09-10,USA,United States,93558169.0,338289856
2022-09-11,USA,United States,94007678.0,338289856
2022-09-12,USA,United States,94007678.0,338289856
2022-09-13,USA,United States,94007678.0,338289856
2022-09-14,USA,United States,94007678.0,338289856
2022-09-15,USA,United States,94007678.0,338289856
2022-09-16,USA,United States,94007678.0,338289856
2022-09-17,USA,United States,94007678.0,338289856
2022-09-18,USA,United States,94414579.0,338289856
2022-09-19,USA,United States,94414579.0,338289856
2022-09-20,USA,United States,94414579.0,338289856
2022-09-21,USA,United States,94414579.0,338289856
2022-09-22,USA,United States,94414579.0,338289856
2022-09-23,USA,United States,94414579.0,338289856
2022-09-24,USA,United States,94414579.0,338289856
2022-09-25,USA,United States,94783304.0,338289856
2022-09-26,USA,United States,94783304.0,338289856
2022-09-27,USA,United States,94783304.0,338289856
2022-09-28,USA,United States,94783304.0,338289856
2022-09-29,USA,United States,94783304.0,338289856
2022-09-30,USA,United States,94783304.0,338289856
2022-10-01,USA,United States,94783304.0,338289856
2022-10-02,USA,United States,95104538.0,338289856
2022-10-03,USA,United States,95104538.0,338289856
2022-10-04,USA,United States,95104538.0,338289856
2022-10-05,USA,United States,95104538.0,338289856
2022-10-06,USA,United States,95104538.0,338289856
2022-10-07,USA,United States,95104538.0,338289856
2022-10-08,USA,United States,95104538.0,338289856
2022-10-09,USA,United States,95385122.0,338289856
2022-10-10,USA,United States,95385122.0,338289856
2022-10-11,USA,United States,95385122.0,338289856
2022-10-12,USA,United States,95385122.0,338289856
2022-10-13,USA,United States,95385122.0,338289856
2022-10-14,USA,United States,95385122.0,338289856
2022-10-15,USA,United States,95385122.0,338289856
2022-10-16,USA,United States,95636402.0,338289856
2022-10-17,USA,United States,95636402.0,338289856
2022-10-18,USA,United States,95636402.0,338289856
2022-10-19,USA,United States,95636402.0,338289856
2022-10-20,USA,United States,95636402.0,338289856
2022-10-21,USA,United States,95636402.0,338289856
2022-10-22,USA,United States,95636402.0,338289856
2022-10-23,USA,United States,95920136.0,338289856
2022-10-24,USA,United States,95920136.0,338289856
2022-10-25,USA,United States,95920136.0,338289856
2022-10-26,USA,United States,95920136.0,338289856
2022-10-27,USA,United States,95920136.0,338289856
2022-10-28,USA,United States,95920136.0,338289856
2022-10-29,USA,United States,95920136.0,338289856
2022-10-30,USA,United States,96175292.0,338289856
2022-10-31,USA,United States,96175292.0,338289856
2022-11-01,USA,United States,96175292.0,338289856
2022-11-02,USA,United States,96175292.0,338289856
2022-11-03,USA,United States,96175292.0,338289856
2022-11-04,USA,United States,96175292.0,338289856
2022-11-05,USA,United States,96175292.0,338289856
2022-11-06,USA,United States,96442596.0,338289856
2022-11-07,USA,United States,96442596.0,338289856
2022-11-08,USA,United States,96442596.0,338289856
2022-11-09,USA,United States,96442596.0,338289856
2022-11-10,USA,United States,96442596.0,338289856
2022-11-11,USA,United States,96442596.0,338289856
2022-11-12,USA,United States,96442596.0,338289856
2022-11-13,USA,United States,96725493.0,338289856
2022-11-14,USA,United States,96725493.0,338289856
2022-11-15,USA,United States,96725493.0,338289856
2022-11-16,USA,United States,96725493.0,338289856
2022-11-17,USA,United States,96725493.0,338289856
2022-11-18,USA,United States,96725493.0,338289856
2022-11-19,USA,United States,96725493.0,338289856
2022-11-20,USA,United States,97000477.0,338289856
2022-11-21,USA,United States,97000477.0,338289856
2022-11-22,USA,United States,97000477.0,338289856
2022-11-23,USA,United States,97000477.0,338289856
2022-11-24,USA,United States,97000477.0,338289856
2022-11-25,USA,United States,97000477.0,338289856
2022-11-26,USA,United States,97000477.0,338289856
2022-11-27,USA,United States,97300648.0,338289856
2022-11-28,USA,United States,97300648.0,338289856
2022-11-29,USA,United States,97300648.0,338289856
2022-11-30,USA,United States,97300648.0,338289856
2022-12-01,USA,United States,97300648.0,338289856
2022-12-02,USA,United States,97300648.0,338289856
2022-12-03,USA,United States,97300648.0,338289856
2022-12-04,USA,United States,97603247.0,338289856
2022-12-05,USA,United States,97603247.0,338289856
2022-12-06,USA,United States,97603247.0,338289856
2022-12-07,USA,United States,97603247.0,338289856
2022-12-08,USA,United States,97603247.0,338289856
2022-12-09,USA,United States,97603247.0,338289856
2022-12-10,USA,United States,97603247.0,338289856
2022-12-11,USA,United States,98065470.0,338289856
2022-12-12,USA,United States,98065470.0,338289856
2022-12-13,USA,United States,98065470.0,338289856
2022-12-14,USA,United States,98065470.0,338289856
2022-12-15,USA,United States,98065470.0,338289856
2022-12-16,USA,United States,98065470.0,338289856
2022-12-17,USA,United States,98065470.0,338289856
2022-12-18,USA,United States,98511484.0,338289856
2022-12-19,USA,United States,98511484.0,338289856
2022-12-20,USA,United States,98511484.0,338289856
2022-12-21,USA,United States,98511484.0,338289856
2022-12-22,USA,United States,98511484.0,338289856
2022-12-23,USA,United States,98511484.0,338289856
2022-12-24,USA,United States,98511484.0,338289856
2022-12-25,USA,United States,99019493.0,338289856
2022-12-26,USA,United States,99019493.0,338289856
2022-12-27,USA,United States,99019493.0,338289856
2022-12-28,USA,United States,99019493.0,338289856
2022-12-29,USA,United States,99019493.0,338289856
2022-12-30,USA,United States,99019493.0,338289856
2022-12-31,USA,United States,99019493.0,338289856
2023-01-01,USA,United States,99411696.0,338289856
2023-01-02,USA,United States,99411696.0,338289856
2023-01-03,USA,United States,99411696.0,338289856
2023-01-04,USA,United States,99411696.0,338289856
2023-01-05,USA,United States,99411696.0,338289856
2023-01-06,USA,United States,99411696.0,338289856
2023-01-07,USA,United States,99411696.0,338289856
2023-01-08,USA,United States,99883410.0,338289856
2023-01-09,USA,United States,99883410.0,338289856
2023-01-10,USA,United States,99883410.0,338289856
2023-01-11,USA,United States,99883410.0,338289856
2023-01-12,USA,United States,99883410.0,338289856
2023-01-13,USA,United States,99883410.0,338289856
2023-01-14,USA,United States,99883410.0,338289856
2023-01-15,USA,United States,100331502.0,338289856
2023-01-16,USA,United States,100331502.0,338289856
2023-01-17,USA,United States,100331502.0,338289856
2023-01-18,USA,United States,100331502.0,338289856
2023-01-19,USA,United States,100331502.0,338289856
2023-01-20,USA,United States,100331502.0,338289856
2023-01-21,USA,United States,100331502.0,338289856
2023-01-22,USA,United States,100639527.0,338289856
2023-01-23,USA,United States,100639527.0,338289856
2023-01-24,USA,United States,100639527.0,338289856
2023-01-25,USA,United States,100639527.0,338289856
2023-01-26,USA,United States,100639527.0,338289856
2023-01-27,USA,United States,100639527.0,338289856
2023-01-28,USA,United States,100639527.0,338289856
2023-01-29,USA,United States,100934394.0,338289856
2023-01-30,USA,United States,100934394.0,338289856
2023-01-31,USA,United States,100934394.0,338289856
2023-02-01,USA,United States,100934394.0,338289856
2023-02-02,USA,United States,100934394.0,338289856
2023-02-03,USA,United States,100934394.0,338289856
2023-02-04,USA,United States,100934394.0,338289856
2023-02-05,USA,United States,101219796.0,338289856
2023-02-06,USA,United States,101219796.0,338289856
2023-02-07,USA,United States,101219796.0,338289856
2023-02-08,USA,United States,101219796.0,338289856
2023-02-09,USA,United States,101219796.0,338289856
2023-02-10,USA,United States,101219796.0,338289856
2023-02-11,USA,United States,101219796.0,338289856
2023-02-12,USA,United States,101498024.0,338289856
2023-02-13,USA,United States,101498024.0,338289856
2023-02-14,USA,United States,101498024.0,338289856
2023-02-15,USA,United States,101498024.0,338289856
2023-02-16,USA,United States,101498024.0,338289856
2023-02-17,USA,United States,101498024.0,338289856
2023-02-18,USA,United States,101498024.0,338289856
2023-02-19,USA,United States,101752396.0,338289856
2023-02-20,USA,United States,101752396.0,338289856
2023-02-21,USA,United States,101752396.0,338289856
2023-02-22,USA,United States,101752396.0,338289856
2023-02-23,USA,United States,101752396.0,338289856
2023-02-24,USA,United States,101752396.0,338289856
2023-02-25,USA,United States,101752396.0,338289856
2023-02-26,USA,United States,102019564.0,338289856
2023-02-27,USA,United States,102019564.0,338289856
2023-02-28,USA,United States,102019564.0,338289856
2023-03-01,USA,United States,102019564.0,338289856
2023-03-02,USA,United States,102019564.0,338289856
2023-03-03,USA,United States,102019564.0,338289856
2023-03-04,USA,United States,102019564.0,338289856
2023-03-05,USA,United States,102247392.0,338289856
2023-03-06,USA,United States,102247392.0,338289856
2023-03-07,USA,United States,102247392.0,338289856
2023-03-08,USA,United States,102247392.0,338289856
2023-03-09,USA,United States,102247392.0,338289856
2023-03-10,USA,United States,102247392.0,338289856
2023-03-11,USA,United States,102247392.0,338289856
2023-03-12,USA,United States,102417985.0,338289856
2023-03-13,USA,United States,102417985.0,338289856
2023-03-14,USA,United States,102417985.0,338289856
2023-03-15,USA,United States,102417985.0,338289856
2023-03-16,USA,United States,102417985.0,338289856
2023-03-17,USA,United States,102417985.0,338289856
2023-03-18,USA,United States,102417985.0,338289856
2023-03-19,USA,United States,102544598.0,338289856
2023-03-20,USA,United States,102544598.0,338289856
2023-03-21,USA,United States,102544598.0,338289856
2023-03-22,USA,United States,102544598.0,338289856
2023-03-23,USA,United States,102544598.0,338289856
2023-03-24,USA,United States,102544598.0,338289856
2023-03-25,USA,United States,102544598.0,338289856
2023-03-26,USA,United States,102697566.0,338289856
2023-03-27,USA,United States,102697566.0,338289856
2023-03-28,USA,United States,102697566.0,338289856
2023-03-29,USA,United States,102697566.0,338289856
2023-03-30,USA,United States,102697566.0,338289856
2023-03-31,USA,United States,102697566.0,338289856
2023-04-01,USA,United States,102697566.0,338289856
2023-04-02,USA,United States,102873924.0,338289856
2023-04-03,USA,United States,102873924.0,338289856
2023-04-04,USA,United States,102873924.0,338289856
2023-04-05,USA,United States,102873924.0,338289856
2023-04-06,USA,United States,102873924.0,338289856
2023-04-07,USA,United States,102873924.0,338289856
2023-04-08,USA,United States,102873924.0,338289856
2023-04-09,USA,United States,102977396.0,338289856
2023-04-10,USA,United States,102977396.0,338289856
2023-04-11,USA,United States,102977396.0,338289856
2023-04-12,USA,United States,102977396.0,338289856
2023-04-13,USA,United States,102977396.0,338289856
2023-04-14,USA,United States,102977396.0,338289856
2023-04-15,USA,United States,102977396.0,338289856
2023-04-16,USA,United States,103081453.0,338289856
2023-04-17,USA,United States,103081453.0,338289856
2023-04-18,USA,United States,103081453.0,338289856
2023-04-19,USA,United States,103081453.0,338289856
2023-04-20,USA,United States,103081453.0,338289856
2023-04-21,USA,United States,103081453.0,338289856
2023-04-22,USA,United States,103081453.0,338289856
2023-04-23,USA,United States,103179920.0,338289856
2023-04-24,USA,United States,103179920.0,338289856
2023-04-25,USA,United States,103179920.0,338289856
2023-04-26,USA,United States,103179920.0,338289856
2023-04-27,USA,United States,103179920.0,338289856
2023-04-28,USA,United States,103179920.0,338289856
2023-04-29,USA,United States,103179920.0,338289856
2023-04-30,USA,United States,103266404.0,338289856
2023-05-01,USA,United States,103266404.0,338289856
2023-05-02,USA,United States,103266404.0,338289856
2023-05-03,USA,United States,103266404.0,338289856
2023-05-04,USA,United States,103266404.0,338289856
2023-05-05,USA,United States,103266404.0,338289856
2023-05-06,USA,United States,103266404.0,338289856
2023-05-07,USA,United States,103343569.0,338289856
2023-05-08,USA,United States,103343569.0,338289856
2023-05-09,USA,United States,103343569.0,338289856
2023-05-10,USA,United States,103343569.0,338289856
2023-05-11,USA,United States,103343569.0,338289856
2023-05-12,USA,United States,103343569.0,338289856
2023-05-13,USA,United States,103343569.0,338289856
2023-05-14,USA,United States,103436829.0,338289856
2023-05-15,USA,United States,103436829.0,338289856
2023-05-16,USA,United States,103436829.0,338289856
2023-05-17,USA,United States,103436829.0,338289856
2023-05-18,USA,United States,103436829.0,338289856
2023-05-19,USA,United States,103436829.0,338289856
2023-05-20,USA,United States,103436829.0,338289856
2023-05-21,USA,United States,103436829.0,338289856
2023-05-22,USA,United States,103436829.0,338289856
2023-05-23,USA,United States,103436829.0,338289856
2023-05-24,USA,United States,103436829.0,338289856
2023-05-25,USA,United States,103436829.0,338289856
2023-05-26,USA,United States,103436829.0,338289856
2023-05-27,USA,United States,103436829.0,338289856
2023-05-28,USA,United States,103436829.0,338289856
2023-05-29,USA,United States,103436829.0,338289856
2023-05-30,USA,United States,103436829.0,338289856
2023-05-31,USA,United States,103436829.0,338289856
2023-06-01,USA,United States,103436829.0,338289856
2023-06-02,USA,United States,103436829.0,338289856
2023-06-03,USA,United States,103436829.0,338289856
2023-06-04,USA,United States,103436829.0,338289856
2023-06-05,USA,United States,103436829.0,338289856
2023-06-06,USA,United States,103436829.0,338289856
2023-06-07,USA,United States,103436829.0,338289856
2023-06-08,USA,United States,103436829.0,338289856
2023-06-09,USA,United States,103436829.0,338289856
2023-06-10,USA,United States,103436829.0,338289856
2023-06-11,USA,United States,103436829.0,338289856
2023-06-12,USA,United States,103436829.0,338289856
2023-06-13,USA,United States,103436829.0,338289856
2023-06-14,USA,United States,103436829.0,338289856
2023-06-15,USA,United States,103436829.0,338289856
2023-06-16,USA,United States,103436829.0,338289856
2023-06-17,USA,United States,103436829.0,338289856
2023-06-18,USA,United States,103436829.0,338289856
2023-06-19,USA,United States,103436829.0,338289856
2023-06-20,USA,United States,103436829.0,338289856
2023-06-21,USA,United States,103436829.0,338289856
2023-06-22,USA,United States,103436829.0,338289856
2023-06-23,USA,United States,103436829.0,338289856
2023-06-24,USA,United States,103436829.0,338289856
2023-06-25,USA,United States,103436829.0,338289856
2023-06-26,USA,United States,103436829.0,338289856
2023-06-27,USA,United States,103436829.0,338289856
2023-06-28,USA,United States,103436829.0,338289856
2023-06-29,USA,United States,103436829.0,338289856
2023-06-30,USA,United States,103436829.0,338289856
2023-07-01,USA,United States,103436829.0,338289856
2023-07-02,USA,United States,103436829.0,338289856
2023-07-03,USA,United States,103436829.0,338289856
2023-07-04,USA,United States,103436829.0,338289856
2023-07-05,USA,United States,103436829.0,338289856
2023-07-06,USA,United States,103436829.0,338289856
2023-07-07,USA,United States,103436829.0,338289856
2023-07-08,USA,United States,103436829.0,338289856
2023-07-09,USA,United States,103436829.0,338289856
2023-07-10,USA,United States,103436829.0,338289856
2023-07-11,USA,United States,103436829.0,338289856
2023-07-12,USA,United States,103436829.0,338289856
2023-07-13,USA,United States,103436829.0,338289856
2023-07-14,USA,United States,103436829.0,338289856
2023-07-15,USA,United States,103436829.0,338289856
2023-07-16,USA,United States,103436829.0,338289856
2023-07-17,USA,United States,103436829.0,338289856
2023-07-18,USA,United States,103436829.0,338289856
2023-07-19,USA,United States,103436829.0,338289856
2023-07-20,USA,United States,103436829.0,338289856
2023-07-21,USA,United States,103436829.0,338289856
2023-07-22,USA,United States,103436829.0,338289856
2023-07-23,USA,United States,103436829.0,338289856
2023-07-24,USA,United States,103436829.0,338289856
2023-07-25,USA,United States,103436829.0,338289856
2023-07-26,USA,United States,103436829.0,338289856
2023-07-27,USA,United States,103436829.0,338289856
2023-07-28,USA,United States,103436829.0,338289856
2023-07-29,USA,United States,103436829.0,338289856
2023-07-30,USA,United States,103436829.0,338289856
2023-07-31,USA,United States,103436829.0,338289856
2023-08-01,USA,United States,103436829.0,338289856
2023-08-02,USA,United States,103436829.0,338289856
2023-08-03,USA,United States,103436829.0,338289856
2023-08-04,USA,United States,103436829.0,338289856
2023-08-05,USA,United States,103436829.0,338289856
2023-08-06,USA,United States,103436829.0,338289856
2023-08-07,USA,United States,103436829.0,338289856
2023-08-08,USA,United States,103436829.0,338289856
2023-08-09,USA,United States,103436829.0,338289856
2023-08-10,USA,United States,103436829.0,338289856
2023-08-11,USA,United States,103436829.0,338289856
2023-08-12,USA,United States,103436829.0,338289856
2023-08-13,USA,United States,103436829.0,338289856
2023-08-14,USA,United States,103436829.0,338289856
2023-08-15,USA,United States,103436829.0,338289856
2023-08-16,USA,United States,103436829.0,338289856
2023-08-17,USA,United States,103436829.0,338289856
2023-08-18,USA,United States,103436829.0,338289856
2023-08-19,USA,United States,103436829.0,338289856
2023-08-20,USA,United States,103436829.0,338289856
2023-08-21,USA,United States,103436829.0,338289856
2023-08-22,USA,United States,103436829.0,338289856
2023-08-23,USA,United States,103436829.0,338289856
2023-08-24,USA,United States,103436829.0,338289856
2023-08-25,USA,United States,103436829.0,338289856
2023-08-26,USA,United States,103436829.0,338289856
2023-08-27,USA,United States,103436829.0,338289856
2023-08-28,USA,United States,103436829.0,338289856
2023-08-29,USA,United States,103436829.0,338289856
2023-08-30,USA,United States,103436829.0,338289856
2023-08-31,USA,United States,103436829.0,338289856
2023-09-01,USA,United States,103436829.0,338289856
2023-09-02,USA,United States,103436829.0,338289856
2023-09-03,USA,United States,103436829.0,338289856
2023-09-04,USA,United States,103436829.0,338289856
2023-09-05,USA,United States,103436829.0,338289856
2023-09-06,USA,United States,103436829.0,338289856
2023-09-07,USA,United States,103436829.0,338289856
2023-09-08,USA,United States,103436829.0,338289856
2023-09-09,USA,United States,103436829.0,338289856
2023-09-10,USA,United States,103436829.0,338289856
2023-09-11,USA,United States,103436829.0,338289856
2023-09-12,USA,United States,103436829.0,338289856
2023-09-13,USA,United States,103436829.0,338289856
2023-09-14,USA,United States,103436829.0,338289856
2023-09-15,USA,United States,103436829.0,338289856
2023-09-16,USA,United States,103436829.0,338289856
2023-09-17,USA,United States,103436829.0,338289856
2023-09-18,USA,United States,103436829.0,338289856
2023-09-19,USA,United States,103436829.0,338289856
2023-09-20,USA,United States,103436829.0,338289856
2023-09-21,USA,United States,103436829.0,338289856
2023-09-22,USA,United States,103436829.0,338289856
2023-09-23,USA,United States,103436829.0,338289856
2023-09-24,USA,United States,103436829.0,338289856
2023-09-25,USA,United States,103436829.0,338289856
2023-09-26,USA,United States,103436829.0,338289856
2023-09-27,USA,United States,103436829.0,338289856
2023-09-28,USA,United States,103436829.0,338289856
2023-09-29,USA,United States,103436829.0,338289856
2023-09-30,USA,United States,103436829.0,338289856
2023-10-01,USA,United States,103436829.0,338289856
2023-10-02,USA,United States,103436829.0,338289856
2023-10-03,USA,United States,103436829.0,338289856
2023-10-04,USA,United States,103436829.0,338289856
2023-10-05,USA,United States,103436829.0,338289856
2023-10-06,USA,United States,103436829.0,338289856
2023-10-07,USA,United States,103436829.0,338289856
2023-10-08,USA,United States,103436829.0,338289856
2023-10-09,USA,United States,103436829.0,338289856
2023-10-10,USA,United States,103436829.0,338289856
2023-10-11,USA,United States,103436829.0,338289856
2023-10-12,USA,United States,103436829.0,338289856
2023-10-13,USA,United States,103436829.0,338289856
2023-10-14,USA,United States,103436829.0,338289856
2023-10-15,USA,United States,103436829.0,338289856
2023-10-16,USA,United States,103436829.0,338289856
2023-10-17,USA,United States,103436829.0,338289856
2023-10-18,USA,United States,103436829.0,338289856
2023-10-19,USA,United States,103436829.0,338289856
2023-10-20,USA,United States,103436829.0,338289856
2023-10-21,USA,United States,103436829.0,338289856
2023-10-22,USA,United States,103436829.0,338289856
2023-10-23,USA,United States,103436829.0,338289856
2023-10-24,USA,United States,103436829.0,338289856
2023-10-25,USA,United States,103436829.0,338289856
2023-10-26,USA,United States,103436829.0,338289856
2023-10-27,USA,United States,103436829.0,338289856
2023-10-28,USA,United States,103436829.0,338289856
2023-10-29,USA,United States,103436829.0,338289856
2023-10-30,USA,United States,103436829.0,338289856
2023-10-31,USA,United States,103436829.0,338289856
2023-11-01,USA,United States,103436829.0,338289856
2023-11-02,USA,United States,103436829.0,338289856
2023-11-03,USA,United States,103436829.0,338289856
2023-11-04,USA,United States,103436829.0,338289856
2023-11-05,USA,United States,103436829.0,338289856
2023-11-06,USA,United States,103436829.0,338289856
2023-11-07,USA,United States,103436829.0,338289856
2023-11-08,USA,United States,103436829.0,338289856
2023-11-09,USA,United States,103436829.0,338289856
2023-11-10,USA,United States,103436829.0,338289856
2023-11-11,USA,United States,103436829.0,338289856
2023-11-12,USA,United States,103436829.0,338289856
2023-11-13,USA,United States,103436829.0,338289856
2023-11-14,USA,United States,103436829.0,338289856
2023-11-15,USA,United States,103436829.0,338289856
2023-11-16,USA,United States,103436829.0,338289856
2023-11-17,USA,United States,103436829.0,338289856
2023-11-18,USA,United States,103436829.0,338289856
2023-11-19,USA,United States,103436829.0,338289856
2023-11-20,USA,United States,103436829.0,338289856
2023-11-21,USA,United States,103436829.0,338289856
2023-11-22,USA,United States,103436829.0,338289856
2023-11-23,USA,United States,103436829.0,338289856
2023-11-24,USA,United States,103436829.0,338289856
2023-11-25,USA,United States,103436829.0,338289856
2023-11-26,USA,United States,103436829.0,338289856
2023-11-27,USA,United States,103436829.0,338289856
2023-11-28,USA,United States,103436829.0,338289856
2023-11-29,USA,United States,103436829.0,338289856
2023-11-30,USA,United States,103436829.0,338289856
2023-12-01,USA,United States,103436829.0,338289856
2023-12-02,USA,United States,103436829.0,338289856
2023-12-03,USA,United States,103436829.0,338289856
2023-12-04,USA,United States,103436829.0,338289856
2023-12-05,USA,United States,103436829.0,338289856
2023-12-06,USA,United States,103436829.0,338289856
2023-12-07,USA,United States,103436829.0,338289856
2023-12-08,USA,United States,103436829.0,338289856
2023-12-09,USA,United States,103436829.0,338289856
2023-12-10,USA,United States,103436829.0,338289856
2023-12-11,USA,United States,103436829.0,338289856
2023-12-12,USA,United States,103436829.0,338289856
2023-12-13,USA,United States,103436829.0,338289856
2023-12-14,USA,United States,103436829.0,338289856
2023-12-15,USA,United States,103436829.0,338289856
2023-12-16,USA,United States,103436829.0,338289856
2023-12-17,USA,United States,103436829.0,338289856
2023-12-18,USA,United States,103436829.0,338289856
2023-12-19,USA,United States,103436829.0,338289856
2023-12-20,USA,United States,103436829.0,338289856
2023-12-21,USA,United States,103436829.0,338289856
2023-12-22,USA,United States,103436829.0,338289856
2023-12-23,USA,United States,103436829.0,338289856
2023-12-24,USA,United States,103436829.0,338289856
2023-12-25,USA,United States,103436829.0,338289856
2023-12-26,USA,United States,103436829.0,338289856
2023-12-27,USA,United States,103436829.0,338289856
2023-12-28,USA,United States,103436829.0,338289856
2023-12-29,USA,United States,103436829.0,338289856
2023-12-30,USA,United States,103436829.0,338289856
2023-12-31,USA,United States,103436829.0,338289856
2024-01-01,USA,United States,103436829.0,338289856
2024-01-02,USA,United States,103436829.0,338289856
2024-01-03,USA,United States,103436829.0,338289856
2024-01-04,USA,United States,103436829.0,338289856
2024-01-05,USA,United States,103436829.0,338289856
2024-01-06,USA,United States,103436829.0,338289856
2024-01-07,USA,United States,103436829.0,338289856
2024-01-08,USA,United States,103436829.0,338289856
2024-01-09,USA,United States,103436829.0,338289856
2024-01-10,USA,United States,103436829.0,338289856
2024-01-11,USA,United States,103436829.0,338289856
2024-01-12,USA,United States,103436829.0,338289856
2024-01-13,USA,United States,103436829.0,338289856
2024-01-14,USA,United States,103436829.0,338289856
2024-01-15,USA,United States,103436829.0,338289856
2024-01-16,USA,United States,103436829.0,338289856
2024-01-17,USA,United States,103436829.0,338289856
2024-01-18,USA,United States,103436829.0,338289856
2024-01-19,USA,United States,103436829.0,338289856
2024-01-20,USA,United States,103436829.0,338289856
2024-01-21,USA,United States,103436829.0,338289856
2024-01-22,USA,United States,103436829.0,338289856
2024-01-23,USA,United States,103436829.0,338289856
2024-01-24,USA,United States,103436829.0,338289856
2024-01-25,USA,United States,103436829.0,338289856
2024-01-26,USA,United States,103436829.0,338289856
2024-01-27,USA,United States,103436829.0,338289856
2024-01-28,USA,United States,103436829.0,338289856
2024-01-29,USA,United States,103436829.0,338289856
2024-01-30,USA,United States,103436829.0,338289856
2024-01-31,USA,United States,103436829.0,338289856
2024-02-01,USA,United States,103436829.0,338289856
2024-02-02,USA,United States,103436829.0,338289856
2024-02-03,USA,United States,103436829.0,338289856
2024-02-04,USA,United States,103436829.0,338289856
2024-02-05,USA,United States,103436829.0,338289856
2024-02-06,USA,United States,103436829.0,338289856
2024-02-07,USA,United States,103436829.0,338289856
2024-02-08,USA,United States,103436829.0,338289856
2024-02-09,USA,United States,103436829.0,338289856
2024-02-10,USA,United States,103436829.0,338289856
2024-02-11,USA,United States,103436829.0,338289856
2024-02-12,USA,United States,103436829.0,338289856
2024-02-13,USA,United States,103436829.0,338289856
2024-02-14,USA,United States,103436829.0,338289856
2024-02-15,USA,United States,103436829.0,338289856
2024-02-16,USA,United States,103436829.0,338289856
2024-02-17,USA,United States,103436829.0,338289856
2024-02-18,USA,United States,103436829.0,338289856
2024-02-19,USA,United States,103436829.0,338289856
2024-02-20,USA,United States,103436829.0,338289856
2024-02-21,USA,United States,103436829.0,338289856
2024-02-22,USA,United States,103436829.0,338289856
2024-02-23,USA,United States,103436829.0,338289856
2024-02-24,USA,United States,103436829.0,338289856
2024-02-25,USA,United States,103436829.0,338289856
2024-02-26,USA,United States,103436829.0,338289856
2024-02-27,USA,United States,103436829.0,338289856
2024-02-28,USA,United States,103436829.0,338289856
2024-02-29,USA,United States,103436829.0,338289856
2024-03-01,USA,United States,103436829.0,338289856
2024-03-02,USA,United States,103436829.0,338289856
2024-03-03,USA,United States,103436829.0,338289856
2024-03-04,USA,United States,103436829.0,338289856
2024-03-05,USA,United States,103436829.0,338289856
2024-03-06,USA,United States,103436829.0,338289856
2024-03-07,USA,United States,103436829.0,338289856
2024-03-08,USA,United States,103436829.0,338289856
2024-03-09,USA,United States,103436829.0,338289856
2024-03-10,USA,United States,103436829.0,338289856
2024-03-11,USA,United States,103436829.0,338289856
2024-03-12,USA,United States,103436829.0,338289856
2024-03-13,USA,United States,103436829.0,338289856
2024-03-14,USA,United States,103436829.0,338289856
2024-03-15,USA,United States,103436829.0,338289856
2024-03-16,USA,United States,103436829.0,338289856
2024-03-17,USA,United States,103436829.0,338289856
2024-03-18,USA,United States,103436829.0,338289856
2024-03-19,USA,United States,103436829.0,338289856
2024-03-20,USA,United States,103436829.0,338289856
2024-03-21,USA,United States,103436829.0,338289856
2024-03-22,USA,United States,103436829.0,338289856
2024-03-23,USA,United States,103436829.0,338289856
2024-03-24,USA,United States,103436829.0,338289856
2024-03-25,USA,United States,103436829.0,338289856
2024-03-26,USA,United States,103436829.0,338289856
2024-03-27,USA,United States,103436829.0,338289856
2024-03-28,USA,United States,103436829.0,338289856
2024-03-29,USA,United States,103436829.0,338289856
2024-03-30,USA,United States,103436829.0,338289856
2024-03-31,USA,United States,103436829.0,338289856
2024-04-01,USA,United States,103436829.0,338289856
2024-04-02,USA,United States,103436829.0,338289856
2024-04-03,USA,United States,103436829.0,338289856
2024-04-04,USA,United States,103436829.0,338289856
2024-04-05,USA,United States,103436829.0,338289856
2024-04-06,USA,United States,103436829.0,338289856
2024-04-07,USA,United States,103436829.0,338289856
2024-04-08,USA,United States,103436829.0,338289856
2024-04-09,USA,United States,103436829.0,338289856
2024-04-10,USA,United States,103436829.0,338289856
2024-04-11,USA,United States,103436829.0,338289856
2024-04-12,USA,United States,103436829.0,338289856
2024-04-13,USA,United States,103436829.0,338289856
2024-04-14,USA,United States,103436829.0,338289856
2024-04-15,USA,United States,103436829.0,338289856
2024-04-16,USA,United States,103436829.0,338289856
2024-04-17,USA,United States,103436829.0,338289856
2024-04-18,USA,United States,103436829.0,338289856
2024-04-19,USA,United States,103436829.0,338289856
2024-04-20,USA,United States,103436829.0,338289856
2024-04-21,USA,United States,103436829.0,338289856
2024-04-22,USA,United States,103436829.0,338289856
2024-04-23,USA,United States,103436829.0,338289856
2024-04-24,USA,United States,103436829.0,338289856
2024-04-25,USA,United States,103436829.0,338289856
2024-04-26,USA,United States,103436829.0,338289856
2024-04-27,USA,United States,103436829.0,338289856
2024-04-28,USA,United States,103436829.0,338289856
2024-04-29,USA,United States,103436829.0,338289856
2024-04-30,USA,United States,103436829.0,338289856
2024-05-01,USA,United States,103436829.0,338289856
2024-05-02,USA,United States,103436829.0,338289856
2024-05-03,USA,United States,103436829.0,338289856
2024-05-04,USA,United States,103436829.0,338289856
2024-05-05,USA,United States,103436829.0,338289856
2024-05-06,USA,United States,103436829.0,338289856
2024-05-07,USA,United States,103436829.0,338289856
2024-05-08,USA,United States,103436829.0,338289856
2024-05-09,USA,United States,103436829.0,338289856
2024-05-10,USA,United States,103436829.0,338289856
2024-05-11,USA,United States,103436829.0,338289856
2024-05-12,USA,United States,103436829.0,338289856
2024-05-13,USA,United States,103436829.0,338289856
2024-05-14,USA,United States,103436829.0,338289856
2024-05-15,USA,United States,103436829.0,338289856
2024-05-16,USA,United States,103436829.0,338289856
2024-05-17,USA,United States,103436829.0,338289856
2024-05-18,USA,United States,103436829.0,338289856
2024-05-19,USA,United States,103436829.0,338289856
2024-05-20,USA,United States,103436829.0,338289856
2024-05-21,USA,United States,103436829.0,338289856
2024-05-22,USA,United States,103436829.0,338289856
2024-05-23,USA,United States,103436829.0,338289856
2024-05-24,USA,United States,103436829.0,338289856
2024-05-25,USA,United States,103436829.0,338289856
2024-05-26,USA,United States,103436829.0,338289856
2024-05-27,USA,United States,103436829.0,338289856
2024-05-28,USA,United States,103436829.0,338289856
2024-05-29,USA,United States,103436829.0,338289856
2024-05-30,USA,United States,103436829.0,338289856
2024-05-31,USA,United States,103436829.0,338289856
2024-06-01,USA,United States,103436829.0,338289856
2024-06-02,USA,United States,103436829.0,338289856
2024-06-03,USA,United States,103436829.0,338289856
2024-06-04,USA,United States,103436829.0,338289856
2024-06-05,USA,United States,103436829.0,338289856
2024-06-06,USA,United States,103436829.0,338289856
2024-06-07,USA,United States,103436829.0,338289856
2024-06-08,USA,United States,103436829.0,338289856
2024-06-09,USA,United States,103436829.0,338289856
2024-06-10,USA,United States,103436829.0,338289856
2024-06-11,USA,United States,103436829.0,338289856
2024-06-12,USA,United States,103436829.0,338289856
2024-06-13,USA,United States,103436829.0,338289856
2024-06-14,USA,United States,103436829.0,338289856
2024-06-15,USA,United States,103436829.0,338289856
2024-06-16,USA,United States,103436829.0,338289856
2024-06-17,USA,United States,103436829.0,338289856
2024-06-18,USA,United States,103436829.0,338289856
2024-06-19,USA,United States,103436829.0,338289856
2024-06-20,USA,United States,103436829.0,338289856
2024-06-21,USA,United States,103436829.0,338289856
2024-06-22,USA,United States,103436829.0,338289856
2024-06-23,USA,United States,103436829.0,338289856
2024-06-24,USA,United States,103436829.0,338289856
2024-06-25,USA,United States,103436829.0,338289856
2024-06-26,USA,United States,103436829.0,338289856
2024-06-27,USA,United States,103436829.0,338289856
2024-06-28,USA,United States,103436829.0,338289856
2024-06-29,USA,United States,103436829.0,338289856
2024-06-30,USA,United States,103436829.0,338289856
2024-07-01,USA,United States,103436829.0,338289856
2024-07-02,USA,United States,103436829.0,338289856
2024-07-03,USA,United States,103436829.0,338289856
2024-07-04,USA,United States,103436829.0,338289856
2024-07-05,USA,United States,103436829.0,338289856
2024-07-06,USA,United States,103436829.0,338289856
2024-07-07,USA,United States,103436829.0,338289856
2024-07-08,USA,United States,103436829.0,338289856
2024-07-09,USA,United States,103436829.0,338289856
2024-07-10,USA,United States,103436829.0,338289856
2024-07-11,USA,United States,103436829.0,338289856
2024-07-12,USA,United States,103436829.0,338289856
2024-07-13,USA,United States,103436829.0,338289856
2024-07-14,USA,United States,103436829.0,338289856
2024-07-15,USA,United States,103436829.0,338289856
2024-07-16,USA,United States,103436829.0,338289856
2024-07-17,USA,United States,103436829.0,338289856
2024-07-18,USA,United States,103436829.0,338289856
2024-07-19,USA,United States,103436829.0,338289856
2024-07-20,USA,United States,103436829.0,338289856
2024-07-21,USA,United States,103436829.0,338289856
2024-07-22,USA,United States,103436829.0,338289856
2024-07-23,USA,United States,103436829.0,338289856
2024-07-24,USA,United States,103436829.0,338289856
2024-07-25,USA,United States,103436829.0,338289856
2024-07-26,USA,United States,103436829.0,338289856
2024-07-27,USA,United States,103436829.0,338289856
2024-07-28,USA,United States,103436829.0,338289856
2024-07-29,USA,United States,103436829.0,338289856
2024-07-30,USA,United States,103436829.0,338289856
2024-07-31,USA,United States,103436829.0,338289856
2024-08-01,USA,United States,103436829.0,338289856
2024-08-02,USA,United States,103436829.0,338289856
2024-08-03,USA,United States,103436829.0,338289856
2024-08-04,USA,United States,103436829.0,338289856
